"Text","Image URL","Tags","Posting Time"
"The real Finance AI opportunity is not generic productivity. It is removing the work that drains CFO time and team capacity.

CFO pain map: Layer 1 - what eats your calendar.

Problem to solve: manual data pulls from three systems.

Practical move: sequence data readiness, integration and ownership before promising automation benefits.

Roadmap lens: Use value, feasibility, risk, data readiness and adoption effort to decide what starts now.

Audience this matters for: CFO, Finance Transformation Director, FP&A Director.

Bounded next step: If this is a live issue, use the free assistant to sharpen the question, then book the $750 Diagnostic Pack for tailored judgement.

Diagnostic Pack: https://calendly.com/gilles-bonelli/applied-ai-coaching-session-clone?utm_source=linkedin&utm_medium=scheduler&utm_campaign=ai_finance_diagnostic&utm_content=scheduled_post_1","","ai-finance,diagnostic-pack","2026-09-11 08:30"
"Before funding another AI Finance pilot, ask whether it will materially reduce a named Finance pain.

CFO pain map: Layer 1 - what eats your calendar.

Problem to solve: firefighting last-minute board requests.

Practical move: build reusable management insight packs with governed source data, clear definitions and rapid scenario support.

Roadmap lens: Use value, feasibility, risk, data readiness and adoption effort to decide what starts now.

Audience this matters for: CFO, Finance Transformation Director, FP&A Director.

Bounded next step: If this is a live issue, use the free assistant to sharpen the question, then book the $750 Diagnostic Pack for tailored judgement.

Diagnostic Pack: https://calendly.com/gilles-bonelli/applied-ai-coaching-session-clone?utm_source=linkedin&utm_medium=scheduler&utm_campaign=ai_finance_diagnostic&utm_content=scheduled_post_2","","ai-finance,diagnostic-pack","2026-09-12 08:30"
"A Finance AI roadmap should start where the pain is visible.

CFO pain map: Layer 1 - what eats your calendar.

Problem to solve: reconciling spreadsheet discrepancies.

Practical move: shift reconciliations towards controlled matching logic, exception workflow and accountable sign-off.

Roadmap lens: Use value, feasibility, risk, data readiness and adoption effort to decide what starts now.

Audience this matters for: CFO, Finance Transformation Director, FP&A Director.

Bounded next step: If this is a live issue, use the free assistant to sharpen the question, then book the $750 Diagnostic Pack for tailored judgement.

Diagnostic Pack: https://calendly.com/gilles-bonelli/applied-ai-coaching-session-clone?utm_source=linkedin&utm_medium=scheduler&utm_campaign=ai_finance_diagnostic&utm_content=scheduled_post_3","","ai-finance,diagnostic-pack","2026-09-13 08:30"
"When Finance is still dealing with this problem, AI is not the starting point. Workflow design is.

CFO pain map: Layer 1 - what eats your calendar.

Problem to solve: rebuilding the same report every month.

Practical move: turn repeat reporting into a productised workflow with standard inputs, automated refresh and human review.

Roadmap lens: Decision-sensitive use cases need transparent assumptions, challenge points and human ownership.

Audience this matters for: CFO, FP&A Director, Finance Business Partnering leader.

Bounded next step: The Diagnostic Pack helps separate useful augmentation from high-risk automation.

Diagnostic Pack: https://calendly.com/gilles-bonelli/applied-ai-coaching-session-clone?utm_source=linkedin&utm_medium=scheduler&utm_campaign=ai_finance_diagnostic&utm_content=scheduled_post_4","","ai-finance,diagnostic-pack","2026-09-14 08:30"
"One reason AI Finance pilots stall: they do not solve a painful enough Finance problem.

CFO pain map: Layer 2 - what drains your team.

Problem to solve: no single source of truth.

Practical move: define data ownership, finance definitions and control points before scaling AI-assisted insight.

Roadmap lens: Decision-sensitive use cases need transparent assumptions, challenge points and human ownership.

Audience this matters for: CFO, FP&A Director, Finance Business Partnering leader.

Bounded next step: The Diagnostic Pack helps separate useful augmentation from high-risk automation.

Diagnostic Pack: https://calendly.com/gilles-bonelli/applied-ai-coaching-session-clone?utm_source=linkedin&utm_medium=scheduler&utm_campaign=ai_finance_diagnostic&utm_content=scheduled_post_5","","ai-finance,diagnostic-pack","2026-09-15 08:30"
